{
	"pattrstorage" : 	{
		"name" : "storage",
		"slots" : 		{
			"1" : 			{
				"id" : 1,
				"data" : 				{
					"live.gain~" : [ 6.0 ],
					"live.gain~[1]" : [ 6.0 ],
					"live.gain~[2]" : [ 0.157220016919368 ],
					"live.gain~[3]" : [ 0.177132817075517 ],
					"bp.Reverb 1::Cutoff" : [ 12531.810714000002918 ],
					"bp.Reverb 1::Mix" : [ 71.811024000000003 ],
					"bp.Reverb 1::Reflections" : [ 88.661417 ],
					"bp.Reverb 1::Time" : [ 2141.732282999999825 ],
					"bp.Reverb 1::bypass" : [ 0.0 ],
					"bp.Sync Delay[1]::Feedback" : [ -21.921259842519646 ],
					"bp.Sync Delay[1]::HPF" : [ 20.0 ],
					"bp.Sync Delay[1]::LPF" : [ 20000.0 ],
					"bp.Sync Delay[1]::Mix" : [ 50.393701078740172 ],
					"bp.Sync Delay[1]::bypass" : [ 0.0 ],
					"bp.Sync Delay[1]::delay_left" : [ 10.0 ],
					"bp.Sync Delay[1]::delay_right" : [ 3.0 ],
					"bp.Sync Delay[1]::durationl" : [ 12.0 ],
					"bp.Sync Delay[1]::durationr" : [ 10.0 ],
					"bp.Feedback Delay::Feedback" : [ -14.499298189835812 ],
					"bp.Feedback Delay::HPF" : [ 20.0 ],
					"bp.Feedback Delay::LPF" : [ 20000.0 ],
					"bp.Feedback Delay::Mix" : [ 50.0 ],
					"bp.Feedback Delay::bypass" : [ 0.0 ],
					"bp.Feedback Delay::time" : [ 703.93700825984331 ],
					"bp.Feedback Delay[1]::Feedback" : [ -32.100914341249897 ],
					"bp.Feedback Delay[1]::HPF" : [ 20.0 ],
					"bp.Feedback Delay[1]::LPF" : [ 20000.0 ],
					"bp.Feedback Delay[1]::Mix" : [ 50.0 ],
					"bp.Feedback Delay[1]::bypass" : [ 0.0 ],
					"bp.Feedback Delay[1]::time" : [ 861.41732283464512 ],
					"bp.Reverb 1[1]::Cutoff" : [ 12531.810714000002918 ],
					"bp.Reverb 1[1]::Mix" : [ 71.811024000000003 ],
					"bp.Reverb 1[1]::Reflections" : [ 88.661417 ],
					"bp.Reverb 1[1]::Time" : [ 2220.472439992130603 ],
					"bp.Reverb 1[1]::bypass" : [ 0.0 ],
					"bp.Sync Delay[2]::Feedback" : [ -19.653543307086636 ],
					"bp.Sync Delay[2]::HPF" : [ 20.0 ],
					"bp.Sync Delay[2]::LPF" : [ 20000.0 ],
					"bp.Sync Delay[2]::Mix" : [ 50.0 ],
					"bp.Sync Delay[2]::bypass" : [ 0.0 ],
					"bp.Sync Delay[2]::delay_left" : [ 9.0 ],
					"bp.Sync Delay[2]::delay_right" : [ 3.0 ],
					"bp.Sync Delay[2]::durationl" : [ 9.0 ],
					"bp.Sync Delay[2]::durationr" : [ 10.0 ],
					"bp.Reverb 1[2]::Cutoff" : [ 3116.906193812387301 ],
					"bp.Reverb 1[2]::Mix" : [ 48.818897637795267 ],
					"bp.Reverb 1[2]::Reflections" : [ 88.661417 ],
					"bp.Reverb 1[2]::Time" : [ 4582.677164889759297 ],
					"bp.Reverb 1[2]::bypass" : [ 0.0 ],
					"bp.Reverb 1[3]::Cutoff" : [ 12531.810714000002918 ],
					"bp.Reverb 1[3]::Mix" : [ 71.811024000000003 ],
					"bp.Reverb 1[3]::Reflections" : [ 88.661417 ],
					"bp.Reverb 1[3]::Time" : [ 2141.732282999999825 ],
					"bp.Reverb 1[3]::bypass" : [ 0.0 ],
					"bp.Feedback Delay[2]::Feedback" : [ -20.095787800078419 ],
					"bp.Feedback Delay[2]::HPF" : [ 20.0 ],
					"bp.Feedback Delay[2]::LPF" : [ 20000.0 ],
					"bp.Feedback Delay[2]::Mix" : [ 50.0 ],
					"bp.Feedback Delay[2]::bypass" : [ 0.0 ],
					"bp.Feedback Delay[2]::time" : [ 735.433070866141634 ]
				}

			}
,
			"29" : 			{
				"id" : 29,
				"data" : 				{
					"live.gain~" : [ 6.0 ],
					"live.gain~[1]" : [ 6.0 ],
					"live.gain~[2]" : [ 0.157220016919368 ],
					"live.gain~[3]" : [ 0.177132817075517 ],
					"bp.Reverb 1::Cutoff" : [ 12531.810714000002918 ],
					"bp.Reverb 1::Mix" : [ 71.811024000000003 ],
					"bp.Reverb 1::Reflections" : [ 88.661417 ],
					"bp.Reverb 1::Time" : [ 2141.732282999999825 ],
					"bp.Reverb 1::bypass" : [ 0.0 ],
					"bp.Sync Delay[1]::Feedback" : [ -21.921259842519646 ],
					"bp.Sync Delay[1]::HPF" : [ 20.0 ],
					"bp.Sync Delay[1]::LPF" : [ 20000.0 ],
					"bp.Sync Delay[1]::Mix" : [ 50.393701078740172 ],
					"bp.Sync Delay[1]::bypass" : [ 0.0 ],
					"bp.Sync Delay[1]::delay_left" : [ 10.0 ],
					"bp.Sync Delay[1]::delay_right" : [ 3.0 ],
					"bp.Sync Delay[1]::durationl" : [ 12.0 ],
					"bp.Sync Delay[1]::durationr" : [ 10.0 ],
					"bp.Feedback Delay::Feedback" : [ -14.499298189835812 ],
					"bp.Feedback Delay::HPF" : [ 20.0 ],
					"bp.Feedback Delay::LPF" : [ 20000.0 ],
					"bp.Feedback Delay::Mix" : [ 50.0 ],
					"bp.Feedback Delay::bypass" : [ 0.0 ],
					"bp.Feedback Delay::time" : [ 703.93700825984331 ],
					"bp.Feedback Delay[1]::Feedback" : [ -32.100914341249897 ],
					"bp.Feedback Delay[1]::HPF" : [ 20.0 ],
					"bp.Feedback Delay[1]::LPF" : [ 20000.0 ],
					"bp.Feedback Delay[1]::Mix" : [ 50.0 ],
					"bp.Feedback Delay[1]::bypass" : [ 0.0 ],
					"bp.Feedback Delay[1]::time" : [ 861.41732283464512 ],
					"bp.Reverb 1[1]::Cutoff" : [ 12531.810714000002918 ],
					"bp.Reverb 1[1]::Mix" : [ 71.811024000000003 ],
					"bp.Reverb 1[1]::Reflections" : [ 88.661417 ],
					"bp.Reverb 1[1]::Time" : [ 2220.472439992130603 ],
					"bp.Reverb 1[1]::bypass" : [ 0.0 ],
					"bp.Sync Delay[2]::Feedback" : [ -19.653543307086636 ],
					"bp.Sync Delay[2]::HPF" : [ 20.0 ],
					"bp.Sync Delay[2]::LPF" : [ 20000.0 ],
					"bp.Sync Delay[2]::Mix" : [ 50.0 ],
					"bp.Sync Delay[2]::bypass" : [ 0.0 ],
					"bp.Sync Delay[2]::delay_left" : [ 9.0 ],
					"bp.Sync Delay[2]::delay_right" : [ 3.0 ],
					"bp.Sync Delay[2]::durationl" : [ 9.0 ],
					"bp.Sync Delay[2]::durationr" : [ 10.0 ],
					"bp.Reverb 1[2]::Cutoff" : [ 3116.906193812387301 ],
					"bp.Reverb 1[2]::Mix" : [ 48.818897637795267 ],
					"bp.Reverb 1[2]::Reflections" : [ 88.661417 ],
					"bp.Reverb 1[2]::Time" : [ 4582.677164889759297 ],
					"bp.Reverb 1[2]::bypass" : [ 0.0 ],
					"bp.Reverb 1[3]::Cutoff" : [ 12531.810714000002918 ],
					"bp.Reverb 1[3]::Mix" : [ 71.811024000000003 ],
					"bp.Reverb 1[3]::Reflections" : [ 88.661417 ],
					"bp.Reverb 1[3]::Time" : [ 2141.732282999999825 ],
					"bp.Reverb 1[3]::bypass" : [ 0.0 ],
					"bp.Feedback Delay[2]::Feedback" : [ -20.095787800078419 ],
					"bp.Feedback Delay[2]::HPF" : [ 20.0 ],
					"bp.Feedback Delay[2]::LPF" : [ 20000.0 ],
					"bp.Feedback Delay[2]::Mix" : [ 50.0 ],
					"bp.Feedback Delay[2]::bypass" : [ 0.0 ],
					"bp.Feedback Delay[2]::time" : [ 735.433070866141634 ]
				}

			}

		}

	}

}
